,res_id,res_dt,date,train_nr,line,reserved,capacity,bp_from,bp_to,dep_ist,dep_soll,arr_ist,arr_soll
76822,83928,2021-03-21,2021-03-21,807,IC 8,1.0,9.0,WF,AW,08:55:18,08:55:36,2021-03-21 09:04:52,2021-03-21 09:05:18
77596,84758,2021-03-25,2021-03-26,807,IC 8,1.0,9.0,BN,ZUE,07:02:48,07:02:30,2021-03-26 07:57:32,2021-03-26 07:58:00
77597,84759,2021-03-25,2021-03-26,807,IC 8,1.0,9.0,W,RH,08:31:35,08:31:30,2021-03-26 09:11:22,2021-03-26 09:12:00
77848,85170,2021-03-27,2021-03-27,807,IC 8,1.0,18.0,ZUE,WF,08:06:10,08:05:30,2021-03-27 08:53:26,2021-03-27 08:53:36
78090,85757,2021-03-28,2021-03-28,807,IC 8,1.0,18.0,ZUE,W,08:05:28,08:05:30,2021-03-28 08:29:10,2021-03-28 08:29:00
81246,89164,2021-04-02,2021-04-03,807,IC 8,1.0,9.0,TH,RH,06:37:01,06:36:48,2021-04-03 09:11:17,2021-04-03 09:12:00
81247,89165,2021-04-02,2021-04-03,807,IC 8,1.0,9.0,ZUE,FF,08:05:53,08:05:30,2021-04-03 08:42:12,2021-04-03 08:41:30
81248,89166,2021-04-02,2021-04-03,807,IC 8,1.0,9.0,BN,ZUE,07:03:18,07:02:30,2021-04-03 07:58:39,2021-04-03 07:58:00
81249,89167,2021-04-03,2021-04-03,807,IC 8,1.0,9.0,ZUE,WF,08:05:53,08:05:30,2021-04-03 08:53:43,2021-04-03 08:53:36
81250,89168,2021-04-03,2021-04-03,807,IC 8,1.0,9.0,ZUE,WF,08:05:53,08:05:30,2021-04-03 08:53:43,2021-04-03 08:53:36
82245,90176,2021-04-04,2021-04-04,807,IC 8,1.0,9.0,SP,BN,06:26:31,06:26:30,2021-04-04 06:56:32,2021-04-04 06:55:00
85604,93622,2021-03-31,2021-04-10,807,IC 8,2.0,9.0,BN,ZUE,07:04:30,07:02:30,2021-04-10 08:02:05,2021-04-10 07:58:00
86312,94385,2021-04-07,2021-04-11,807,IC 8,2.0,9.0,ZUE,RH,08:05:41,08:05:30,2021-04-11 09:11:41,2021-04-11 09:12:00
87618,95812,2021-04-15,2021-04-16,807,IC 8,1.0,15.0,BN,ZUE,07:02:51,07:02:30,2021-04-16 07:58:29,2021-04-16 07:58:00
87619,95813,2021-04-16,2021-04-16,807,IC 8,1.0,15.0,W,FF,08:31:43,08:31:30,2021-04-16 08:41:38,2021-04-16 08:41:30
88361,96628,2021-04-14,2021-04-17,807,IC 8,1.0,9.0,BN,ZUE,07:02:40,07:02:30,2021-04-17 07:58:24,2021-04-17 07:58:00
88362,96629,2021-04-16,2021-04-17,807,IC 8,1.0,9.0,BN,ZUE,07:02:40,07:02:30,2021-04-17 07:58:24,2021-04-17 07:58:00
90761,99255,2021-04-22,2021-04-23,807,IC 8,1.0,15.0,BN,RH,07:02:47,07:02:30,2021-04-23 09:11:47,2021-04-23 09:12:00
90762,99256,2021-04-22,2021-04-23,807,IC 8,1.0,15.0,BN,RH,07:02:47,07:02:30,2021-04-23 09:11:47,2021-04-23 09:12:00
90763,99257,2021-04-23,2021-04-23,807,IC 8,1.0,15.0,SP,ZUE,06:25:55,06:26:30,2021-04-23 07:58:16,2021-04-23 07:58:00
90764,99258,2021-04-23,2021-04-23,807,IC 8,1.0,15.0,SP,TH,06:25:55,06:26:30,2021-04-23 06:34:14,2021-04-23 06:34:54
90765,99259,2021-04-23,2021-04-23,807,IC 8,1.0,15.0,SP,BN,06:25:55,06:26:30,2021-04-23 06:54:33,2021-04-23 06:55:00
91805,100436,2021-04-23,2021-04-24,807,IC 8,2.0,9.0,ZUE,RH,08:05:30,08:05:30,2021-04-24 09:11:23,2021-04-24 09:12:00
91806,100437,2021-04-23,2021-04-24,807,IC 8,2.0,9.0,W,RH,08:31:19,08:31:30,2021-04-24 09:11:23,2021-04-24 09:12:00
91807,100438,2021-04-23,2021-04-24,807,IC 8,1.0,9.0,W,RH,08:31:19,08:31:30,2021-04-24 09:11:23,2021-04-24 09:12:00
91808,100439,2021-04-24,2021-04-24,807,IC 8,1.0,9.0,W,RH,08:31:19,08:31:30,2021-04-24 09:11:23,2021-04-24 09:12:00
91809,100440,2021-04-24,2021-04-24,807,IC 8,1.0,9.0,W,RH,08:31:19,08:31:30,2021-04-24 09:11:23,2021-04-24 09:12:00
94694,103660,2021-04-28,2021-04-30,807,IC 8,1.0,17.0,ZUE,RH,08:05:44,08:05:30,2021-04-30 09:12:04,2021-04-30 09:12:00
94695,103661,2021-04-28,2021-04-30,807,IC 8,1.0,17.0,ZUE,RH,08:05:44,08:05:30,2021-04-30 09:12:04,2021-04-30 09:12:00
94696,103662,2021-04-29,2021-04-30,807,IC 8,1.0,17.0,TH,BN,06:36:37,06:36:48,2021-04-30 06:55:07,2021-04-30 06:55:00
95187,104182,2021-04-29,2021-05-01,807,IC 8,3.0,9.0,ZUE,RH,08:05:21,08:05:30,2021-05-01 09:11:34,2021-05-01 09:12:00
95188,104183,2021-05-01,2021-05-01,807,IC 8,1.0,9.0,BN,ZUE,07:02:49,07:02:30,2021-05-01 07:58:04,2021-05-01 07:58:00
97080,106153,2021-05-07,2021-05-07,807,IC 8,1.0,9.0,BR,TH,05:46:49,05:46:30,2021-05-07 06:34:24,2021-05-07 06:34:54
97081,106154,2021-05-07,2021-05-07,807,IC 8,1.0,9.0,ZUE,W,08:05:50,08:05:30,2021-05-07 08:29:04,2021-05-07 08:29:00
98100,107191,2021-05-05,2021-05-08,807,IC 8,1.0,9.0,ZUE,RH,08:05:32,08:05:30,2021-05-08 09:11:33,2021-05-08 09:12:00
98101,107192,2021-05-06,2021-05-08,807,IC 8,1.0,9.0,ZUE,RH,08:05:32,08:05:30,2021-05-08 09:11:33,2021-05-08 09:12:00
98102,107193,2021-05-06,2021-05-08,807,IC 8,1.0,9.0,ZUE,RH,08:05:32,08:05:30,2021-05-08 09:11:33,2021-05-08 09:12:00
98103,107194,2021-05-06,2021-05-08,807,IC 8,1.0,9.0,ZUE,RH,08:05:32,08:05:30,2021-05-08 09:11:33,2021-05-08 09:12:00
98104,107195,2021-05-07,2021-05-08,807,IC 8,1.0,9.0,ZUE,RH,08:05:32,08:05:30,2021-05-08 09:11:33,2021-05-08 09:12:00
98105,107196,2021-05-07,2021-05-08,807,IC 8,1.0,9.0,TH,ZUE,06:37:30,06:36:48,2021-05-08 07:59:28,2021-05-08 07:58:00
98106,107197,2021-05-07,2021-05-08,807,IC 8,1.0,9.0,FF,AW,08:43:49,08:43:18,2021-05-08 09:04:38,2021-05-08 09:05:18
99511,108667,2021-05-05,2021-05-09,807,IC 8,1.0,9.0,W,RH,08:31:33,08:31:30,2021-05-09 09:12:21,2021-05-09 09:12:00
99512,108668,2021-05-05,2021-05-09,807,IC 8,1.0,9.0,W,RH,08:31:33,08:31:30,2021-05-09 09:12:21,2021-05-09 09:12:00
99513,108669,2021-05-08,2021-05-09,807,IC 8,2.0,9.0,W,RH,08:31:33,08:31:30,2021-05-09 09:12:21,2021-05-09 09:12:00
99514,108670,2021-05-08,2021-05-09,807,IC 8,1.0,9.0,VI,BN,05:54:38,05:55:48,2021-05-09 06:55:07,2021-05-09 06:55:00
105854,116539,2021-05-11,2021-05-21,807,IC 8,1.0,15.0,BR,BN,05:47:14,05:46:30,2021-05-21 06:55:52,2021-05-21 06:55:00
105855,116540,2021-05-21,2021-05-21,807,IC 8,1.0,15.0,BR,TH,05:47:14,05:46:30,2021-05-21 06:35:44,2021-05-21 06:34:54
105856,116541,2021-05-21,2021-05-21,807,IC 8,1.0,15.0,SP,BN,06:26:43,06:26:30,2021-05-21 06:55:52,2021-05-21 06:55:00
105857,116542,2021-05-21,2021-05-21,807,IC 8,1.0,15.0,BN,ZUE,07:02:50,07:02:30,2021-05-21 07:59:26,2021-05-21 07:58:00
106970,117675,2021-05-21,2021-05-22,807,IC 8,2.0,9.0,BN,ZUE,07:03:19,07:02:30,2021-05-22 07:57:26,2021-05-22 07:58:00
106971,117676,2021-05-21,2021-05-22,807,IC 8,1.0,9.0,ZUE,RH,08:05:20,08:05:30,2021-05-22 09:11:11,2021-05-22 09:12:00
106972,117677,2021-05-22,2021-05-22,807,IC 8,1.0,9.0,FF,RH,08:42:23,08:43:18,2021-05-22 09:11:11,2021-05-22 09:12:00
108402,119131,2021-05-20,2021-05-23,807,IC 8,1.0,9.0,VI,ZUE,05:54:59,05:55:48,2021-05-23 07:58:21,2021-05-23 07:58:00
108403,119132,2021-05-20,2021-05-23,807,IC 8,1.0,9.0,VI,ZUE,05:54:59,05:55:48,2021-05-23 07:58:21,2021-05-23 07:58:00
108404,119133,2021-05-22,2021-05-23,807,IC 8,1.0,9.0,W,RH,08:32:37,08:31:30,2021-05-23 09:12:11,2021-05-23 09:12:00
108405,119134,2021-05-22,2021-05-23,807,IC 8,1.0,9.0,W,RH,08:32:37,08:31:30,2021-05-23 09:12:11,2021-05-23 09:12:00
108406,119135,2021-05-22,2021-05-23,807,IC 8,1.0,9.0,BN,RH,07:03:12,07:02:30,2021-05-23 09:12:11,2021-05-23 09:12:00
108407,119136,2021-05-23,2021-05-23,807,IC 8,1.0,9.0,BN,ZUE,07:03:12,07:02:30,2021-05-23 07:58:21,2021-05-23 07:58:00
108408,119137,2021-05-23,2021-05-23,807,IC 8,1.0,9.0,W,FF,08:32:37,08:31:30,2021-05-23 08:42:54,2021-05-23 08:41:30
110039,120804,2021-05-22,2021-05-24,807,IC 8,1.0,9.0,ZUE,RH,08:05:45,08:05:30,2021-05-24 09:12:19,2021-05-24 09:12:00
110040,120805,2021-05-22,2021-05-24,807,IC 8,1.0,9.0,ZUE,RH,08:05:45,08:05:30,2021-05-24 09:12:19,2021-05-24 09:12:00
110041,120806,2021-05-23,2021-05-24,807,IC 8,1.0,9.0,BN,ZUE,07:02:51,07:02:30,2021-05-24 07:58:30,2021-05-24 07:58:00
110042,120807,2021-05-23,2021-05-24,807,IC 8,1.0,9.0,BN,ZUE,07:02:51,07:02:30,2021-05-24 07:58:30,2021-05-24 07:58:00
110043,120808,2021-05-24,2021-05-24,807,IC 8,1.0,9.0,W,RH,08:31:30,08:31:30,2021-05-24 09:12:19,2021-05-24 09:12:00
112049,122867,2021-05-27,2021-05-28,807,IC 8,1.0,15.0,VI,BN,05:55:06,05:55:48,2021-05-28 06:54:25,2021-05-28 06:55:00
112050,122868,2021-05-28,2021-05-28,807,IC 8,1.0,15.0,BR,TH,05:46:46,05:46:30,2021-05-28 06:33:55,2021-05-28 06:34:54
112051,122869,2021-05-28,2021-05-28,807,IC 8,1.0,15.0,TH,BN,06:36:27,06:36:48,2021-05-28 06:54:25,2021-05-28 06:55:00
112052,122870,2021-05-28,2021-05-28,807,IC 8,1.0,15.0,BN,ZUE,07:03:16,07:02:30,2021-05-28 08:01:39,2021-05-28 07:58:00
113386,124246,2021-05-22,2021-05-29,807,IC 8,2.0,9.0,ZUE,RH,08:07:20,08:05:30,2021-05-29 09:11:45,2021-05-29 09:12:00
113387,124247,2021-05-28,2021-05-29,807,IC 8,1.0,9.0,ZUE,RH,08:07:20,08:05:30,2021-05-29 09:11:45,2021-05-29 09:12:00
114990,125877,2021-05-17,2021-05-30,807,IC 8,1.0,9.0,VI,ZUE,05:54:34,05:55:48,2021-05-30 07:57:33,2021-05-30 07:58:00
114991,125878,2021-05-28,2021-05-30,807,IC 8,1.0,9.0,BN,ZUE,07:02:39,07:02:30,2021-05-30 07:57:33,2021-05-30 07:58:00
114992,125879,2021-05-30,2021-05-30,807,IC 8,1.0,9.0,W,RH,08:31:34,08:31:30,2021-05-30 09:11:31,2021-05-30 09:12:00
117665,128610,2021-05-31,2021-06-04,807,IC 8,1.0,15.0,BN,ZUE,07:03:45,07:02:30,2021-06-04 07:59:02,2021-06-04 07:58:00
117666,128611,2021-06-01,2021-06-04,807,IC 8,2.0,15.0,W,RH,08:31:42,08:31:30,2021-06-04 09:11:26,2021-06-04 09:12:00
117667,128612,2021-06-03,2021-06-04,807,IC 8,1.0,15.0,BN,ZUE,07:03:45,07:02:30,2021-06-04 07:59:02,2021-06-04 07:58:00
117668,128613,2021-06-04,2021-06-04,807,IC 8,1.0,15.0,BR,TH,05:46:30,05:46:30,2021-06-04 06:34:27,2021-06-04 06:34:54
117669,128614,2021-06-04,2021-06-04,807,IC 8,1.0,15.0,BN,ZUE,07:03:45,07:02:30,2021-06-04 07:59:02,2021-06-04 07:58:00
118692,129711,2021-05-14,2021-06-05,807,IC 8,1.0,9.0,ZUE,WF,08:08:17,08:05:30,2021-06-05 08:54:50,2021-06-05 08:53:36
118693,129712,2021-05-29,2021-06-05,807,IC 8,4.0,9.0,ZUE,RH,08:08:17,08:05:30,2021-06-05 09:11:31,2021-06-05 09:12:00
118694,129713,2021-05-30,2021-06-05,807,IC 8,1.0,9.0,BN,RH,07:03:10,07:02:30,2021-06-05 09:11:31,2021-06-05 09:12:00
118695,129714,2021-06-04,2021-06-05,807,IC 8,1.0,9.0,ZUE,WF,08:08:17,08:05:30,2021-06-05 08:54:50,2021-06-05 08:53:36
118696,129715,2021-06-04,2021-06-05,807,IC 8,1.0,9.0,BN,ZUE,07:03:10,07:02:30,2021-06-05 07:59:40,2021-06-05 07:58:00
121557,133417,2021-06-08,2021-06-11,807,IC 8,1.0,15.0,BN,ZUE,07:03:30,07:02:30,2021-06-11 07:58:23,2021-06-11 07:58:00
121558,133418,2021-06-10,2021-06-11,807,IC 8,1.0,15.0,TH,ZUE,06:36:42,06:36:48,2021-06-11 07:58:23,2021-06-11 07:58:00
121559,133419,2021-06-10,2021-06-11,807,IC 8,1.0,15.0,BN,ZUE,07:03:30,07:02:30,2021-06-11 07:58:23,2021-06-11 07:58:00
121560,133420,2021-06-11,2021-06-11,807,IC 8,2.0,15.0,ZUE,RH,08:05:46,08:05:30,2021-06-11 09:11:39,2021-06-11 09:12:00
121561,133421,2021-06-11,2021-06-11,807,IC 8,1.0,15.0,BR,TH,05:46:49,05:46:30,2021-06-11 06:34:57,2021-06-11 06:34:54
121562,133422,2021-06-11,2021-06-11,807,IC 8,1.0,15.0,BN,ZUE,07:03:30,07:02:30,2021-06-11 07:58:23,2021-06-11 07:58:00
121563,133423,2021-06-11,2021-06-11,807,IC 8,1.0,15.0,TH,BN,06:36:42,06:36:48,2021-06-11 06:54:36,2021-06-11 06:55:00
121564,133424,2021-06-11,2021-06-11,807,IC 8,1.0,15.0,TH,BN,06:36:42,06:36:48,2021-06-11 06:54:36,2021-06-11 06:55:00
122984,134875,2021-06-09,2021-06-12,807,IC 8,1.0,9.0,BN,ZUE,07:03:49,07:02:30,2021-06-12 07:58:32,2021-06-12 07:58:00
122985,134876,2021-06-09,2021-06-12,807,IC 8,1.0,9.0,BN,ZUE,07:03:49,07:02:30,2021-06-12 07:58:32,2021-06-12 07:58:00
122986,134877,2021-06-11,2021-06-12,807,IC 8,2.0,9.0,BN,ZUE,07:03:49,07:02:30,2021-06-12 07:58:32,2021-06-12 07:58:00
122987,134878,2021-06-11,2021-06-12,807,IC 8,2.0,9.0,ZUE,RH,08:05:41,08:05:30,2021-06-12 09:11:45,2021-06-12 09:12:00
122988,134879,2021-06-11,2021-06-12,807,IC 8,1.0,9.0,TH,BN,06:36:23,06:36:48,2021-06-12 06:55:10,2021-06-12 06:55:00
122989,134880,2021-06-11,2021-06-12,807,IC 8,1.0,9.0,VI,ZUE,05:55:16,05:55:48,2021-06-12 07:58:32,2021-06-12 07:58:00
122990,134881,2021-06-12,2021-06-12,807,IC 8,1.0,9.0,BN,ZUE,07:03:49,07:02:30,2021-06-12 07:58:32,2021-06-12 07:58:00
122991,134882,2021-06-12,2021-06-12,807,IC 8,1.0,9.0,TH,BN,06:36:23,06:36:48,2021-06-12 06:55:10,2021-06-12 06:55:00
124692,136700,2021-06-09,2021-06-13,807,IC 8,1.0,9.0,BN,FF,07:02:44,07:02:30,2021-06-13 08:41:43,2021-06-13 08:41:30
127407,139601,2021-06-17,2021-06-18,807,IC 8,1.0,15.0,ZUE,RH,08:05:33,08:05:30,2021-06-18 09:11:26,2021-06-18 09:12:00
127408,139602,2021-06-18,2021-06-18,807,IC 8,1.0,15.0,BN,ZUE,07:02:49,07:02:30,2021-06-18 07:59:27,2021-06-18 07:58:00
128770,141013,2021-06-12,2021-06-19,807,IC 8,1.0,9.0,BN,ZUE,07:03:26,07:02:30,2021-06-19 08:02:02,2021-06-19 07:58:00
128771,141014,2021-06-15,2021-06-19,807,IC 8,1.0,9.0,ZUE,WF,08:05:20,08:05:30,2021-06-19 08:53:06,2021-06-19 08:53:36
128772,141015,2021-06-15,2021-06-19,807,IC 8,2.0,9.0,ZUE,RH,08:05:20,08:05:30,2021-06-19 09:11:53,2021-06-19 09:12:00
128773,141016,2021-06-17,2021-06-19,807,IC 8,2.0,9.0,BN,RH,07:03:26,07:02:30,2021-06-19 09:11:53,2021-06-19 09:12:00
128774,141017,2021-06-17,2021-06-19,807,IC 8,1.0,9.0,ZUE,RH,08:05:20,08:05:30,2021-06-19 09:11:53,2021-06-19 09:12:00
128775,141018,2021-06-17,2021-06-19,807,IC 8,1.0,9.0,ZUE,RH,08:05:20,08:05:30,2021-06-19 09:11:53,2021-06-19 09:12:00
128776,141019,2021-06-17,2021-06-19,807,IC 8,1.0,9.0,ZUE,RH,08:05:20,08:05:30,2021-06-19 09:11:53,2021-06-19 09:12:00
128777,141020,2021-06-18,2021-06-19,807,IC 8,1.0,9.0,VI,SP,05:55:37,05:55:48,2021-06-19 06:25:43,2021-06-19 06:24:48
128778,141021,2021-06-18,2021-06-19,807,IC 8,1.0,9.0,VI,SP,05:55:37,05:55:48,2021-06-19 06:25:43,2021-06-19 06:24:48
128779,141022,2021-06-18,2021-06-19,807,IC 8,1.0,9.0,ZUE,WF,08:05:20,08:05:30,2021-06-19 08:53:06,2021-06-19 08:53:36
128780,141023,2021-06-18,2021-06-19,807,IC 8,1.0,9.0,BN,ZUE,07:03:26,07:02:30,2021-06-19 08:02:02,2021-06-19 07:58:00
128781,141024,2021-06-18,2021-06-19,807,IC 8,1.0,9.0,BN,ZUE,07:03:26,07:02:30,2021-06-19 08:02:02,2021-06-19 07:58:00
128782,141025,2021-06-18,2021-06-19,807,IC 8,1.0,9.0,BN,ZUE,07:03:26,07:02:30,2021-06-19 08:02:02,2021-06-19 07:58:00
128783,141026,2021-06-19,2021-06-19,807,IC 8,1.0,9.0,BN,ZUE,07:03:26,07:02:30,2021-06-19 08:02:02,2021-06-19 07:58:00
128784,141027,2021-06-19,2021-06-19,807,IC 8,1.0,9.0,BN,ZUE,07:03:26,07:02:30,2021-06-19 08:02:02,2021-06-19 07:58:00
128785,141028,2021-06-19,2021-06-19,807,IC 8,1.0,9.0,BN,ZUE,07:03:26,07:02:30,2021-06-19 08:02:02,2021-06-19 07:58:00
128786,141029,2021-06-19,2021-06-19,807,IC 8,1.0,9.0,WF,RH,08:55:37,08:55:36,2021-06-19 09:11:53,2021-06-19 09:12:00
130250,142665,2021-06-19,2021-06-20,807,IC 8,1.0,9.0,VI,BN,05:54:28,05:55:48,2021-06-20 06:55:06,2021-06-20 06:55:00
130251,142666,2021-06-19,2021-06-20,807,IC 8,2.0,9.0,W,RH,08:32:02,08:31:30,2021-06-20 09:11:38,2021-06-20 09:12:00
130252,142667,2021-06-20,2021-06-20,807,IC 8,2.0,9.0,ZUE,RH,08:05:21,08:05:30,2021-06-20 09:11:38,2021-06-20 09:12:00
133656,146249,2021-06-22,2021-06-26,807,IC 8,1.0,9.0,SP,BN,06:25:12,06:26:30,2021-06-26 06:54:15,2021-06-26 06:55:00
133657,146250,2021-06-22,2021-06-26,807,IC 8,1.0,9.0,BN,ZUE,07:02:51,07:02:30,2021-06-26 07:57:21,2021-06-26 07:58:00
133658,146251,2021-06-23,2021-06-26,807,IC 8,1.0,9.0,BN,ZUE,07:02:51,07:02:30,2021-06-26 07:57:21,2021-06-26 07:58:00
133659,146252,2021-06-23,2021-06-26,807,IC 8,1.0,9.0,BN,ZUE,07:02:51,07:02:30,2021-06-26 07:57:21,2021-06-26 07:58:00
133660,146253,2021-06-23,2021-06-26,807,IC 8,1.0,9.0,BN,ZUE,07:02:51,07:02:30,2021-06-26 07:57:21,2021-06-26 07:58:00
133661,146254,2021-06-23,2021-06-26,807,IC 8,1.0,9.0,BN,ZUE,07:02:51,07:02:30,2021-06-26 07:57:21,2021-06-26 07:58:00
133662,146255,2021-06-25,2021-06-26,807,IC 8,1.0,9.0,SP,ZUE,06:25:12,06:26:30,2021-06-26 07:57:21,2021-06-26 07:58:00
133663,146256,2021-06-26,2021-06-26,807,IC 8,1.0,9.0,BN,ZUE,07:02:51,07:02:30,2021-06-26 07:57:21,2021-06-26 07:58:00
133664,146257,2021-06-26,2021-06-26,807,IC 8,1.0,9.0,FF,AW,08:42:30,08:43:18,2021-06-26 09:04:41,2021-06-26 09:05:18
135179,147829,2021-06-10,2021-06-27,807,IC 8,1.0,9.0,BN,ZUE,07:03:17,07:02:30,2021-06-27 07:58:32,2021-06-27 07:58:00
135180,147830,2021-06-26,2021-06-27,807,IC 8,1.0,9.0,ZUE,RH,08:05:50,08:05:30,2021-06-27 09:11:28,2021-06-27 09:12:00
135181,147831,2021-06-26,2021-06-27,807,IC 8,1.0,9.0,ZUE,RH,08:05:50,08:05:30,2021-06-27 09:11:28,2021-06-27 09:12:00
135182,147832,2021-06-26,2021-06-27,807,IC 8,1.0,9.0,BN,ZUE,07:03:17,07:02:30,2021-06-27 07:58:32,2021-06-27 07:58:00
135183,147833,2021-06-26,2021-06-27,807,IC 8,1.0,9.0,BN,ZUE,07:03:17,07:02:30,2021-06-27 07:58:32,2021-06-27 07:58:00
135184,147834,2021-06-27,2021-06-27,807,IC 8,1.0,9.0,SP,BN,06:25:42,06:26:30,2021-06-27 06:55:03,2021-06-27 06:55:00
135185,147835,2021-06-27,2021-06-27,807,IC 8,1.0,9.0,W,RH,08:32:00,08:31:30,2021-06-27 09:11:28,2021-06-27 09:12:00
137588,150338,2021-06-27,2021-07-02,807,IC 8,2.0,15.0,BN,ZUE,07:02:45,07:02:30,2021-07-02 07:57:58,2021-07-02 07:58:00
137589,150339,2021-06-30,2021-07-02,807,IC 8,2.0,15.0,BN,ZUE,07:02:45,07:02:30,2021-07-02 07:57:58,2021-07-02 07:58:00
137590,150340,2021-07-01,2021-07-02,807,IC 8,2.0,15.0,W,RH,08:31:35,08:31:30,2021-07-02 09:11:17,2021-07-02 09:12:00
137591,150341,2021-07-01,2021-07-02,807,IC 8,1.0,15.0,W,RH,08:31:35,08:31:30,2021-07-02 09:11:17,2021-07-02 09:12:00
137592,150342,2021-07-01,2021-07-02,807,IC 8,1.0,15.0,W,RH,08:31:35,08:31:30,2021-07-02 09:11:17,2021-07-02 09:12:00
137593,150343,2021-07-01,2021-07-02,807,IC 8,1.0,15.0,ZUE,FF,08:05:55,08:05:30,2021-07-02 08:41:29,2021-07-02 08:41:30
137594,150344,2021-07-02,2021-07-02,807,IC 8,1.0,15.0,SP,BN,06:25:37,06:26:30,2021-07-02 06:55:33,2021-07-02 06:55:00
139027,151828,2021-06-23,2021-07-03,807,IC 8,2.0,9.0,BN,ZUE,07:03:01,07:02:30,2021-07-03 07:57:57,2021-07-03 07:58:00
139028,151829,2021-06-28,2021-07-03,807,IC 8,1.0,9.0,ZUE,WF,08:07:12,08:05:30,2021-07-03 08:52:29,2021-07-03 08:53:36
139029,151830,2021-06-28,2021-07-03,807,IC 8,1.0,9.0,ZUE,WF,08:07:12,08:05:30,2021-07-03 08:52:29,2021-07-03 08:53:36
139030,151831,2021-07-01,2021-07-03,807,IC 8,2.0,9.0,BN,ZUE,07:03:01,07:02:30,2021-07-03 07:57:57,2021-07-03 07:58:00
139031,151832,2021-07-02,2021-07-03,807,IC 8,1.0,9.0,BN,ZUE,07:03:01,07:02:30,2021-07-03 07:57:57,2021-07-03 07:58:00
139032,151833,2021-07-02,2021-07-03,807,IC 8,1.0,9.0,BN,ZUE,07:03:01,07:02:30,2021-07-03 07:57:57,2021-07-03 07:58:00
139033,151834,2021-07-02,2021-07-03,807,IC 8,1.0,9.0,BN,ZUE,07:03:01,07:02:30,2021-07-03 07:57:57,2021-07-03 07:58:00
139034,151835,2021-07-03,2021-07-03,807,IC 8,1.0,9.0,TH,ZUE,06:37:46,06:36:48,2021-07-03 07:57:57,2021-07-03 07:58:00
139035,151836,2021-07-03,2021-07-03,807,IC 8,1.0,9.0,BN,ZUE,07:03:01,07:02:30,2021-07-03 07:57:57,2021-07-03 07:58:00
139036,151837,2021-07-03,2021-07-03,807,IC 8,1.0,9.0,ZUE,FF,08:07:12,08:05:30,2021-07-03 08:41:20,2021-07-03 08:41:30
140443,153265,2021-05-09,2021-07-04,807,IC 8,1.0,9.0,TH,ZUE,06:36:22,06:36:48,2021-07-04 07:57:54,2021-07-04 07:58:00
140444,153266,2021-05-09,2021-07-04,807,IC 8,1.0,9.0,BN,ZUE,07:02:44,07:02:30,2021-07-04 07:57:54,2021-07-04 07:58:00
140445,153267,2021-05-09,2021-07-04,807,IC 8,1.0,9.0,BN,ZUE,07:02:44,07:02:30,2021-07-04 07:57:54,2021-07-04 07:58:00
140446,153268,2021-05-10,2021-07-04,807,IC 8,1.0,9.0,BN,ZUE,07:02:44,07:02:30,2021-07-04 07:57:54,2021-07-04 07:58:00
140447,153269,2021-06-14,2021-07-04,807,IC 8,1.0,9.0,BN,ZUE,07:02:44,07:02:30,2021-07-04 07:57:54,2021-07-04 07:58:00
142826,155691,2021-06-07,2021-07-09,807,IC 8,2.0,15.0,VI,BN,05:56:15,05:55:48,2021-07-09 06:57:38,2021-07-09 06:55:00
142827,155692,2021-06-15,2021-07-09,807,IC 8,1.0,15.0,BN,ZUE,07:03:59,07:02:30,2021-07-09 07:58:38,2021-07-09 07:58:00
142828,155693,2021-07-01,2021-07-09,807,IC 8,1.0,15.0,BN,ZUE,07:03:59,07:02:30,2021-07-09 07:58:38,2021-07-09 07:58:00
142829,155694,2021-07-01,2021-07-09,807,IC 8,1.0,15.0,BN,ZUE,07:03:59,07:02:30,2021-07-09 07:58:38,2021-07-09 07:58:00
142830,155695,2021-07-08,2021-07-09,807,IC 8,1.0,15.0,TH,BN,06:40:13,06:36:48,2021-07-09 06:57:38,2021-07-09 06:55:00
142831,155696,2021-07-08,2021-07-09,807,IC 8,1.0,15.0,W,RH,08:31:36,08:31:30,2021-07-09 09:11:36,2021-07-09 09:12:00
142832,155697,2021-07-09,2021-07-09,807,IC 8,1.0,15.0,BR,TH,05:47:32,05:46:30,2021-07-09 06:39:14,2021-07-09 06:34:54
144299,157244,2021-05-29,2021-07-10,807,IC 8,2.0,9.0,BN,RH,07:02:38,07:02:30,2021-07-10 09:11:41,2021-07-10 09:12:00
144300,157245,2021-07-04,2021-07-10,807,IC 8,2.0,9.0,BR,ZUE,05:46:34,05:46:30,2021-07-10 07:58:10,2021-07-10 07:58:00
144301,157246,2021-07-06,2021-07-10,807,IC 8,2.0,9.0,W,RH,08:31:49,08:31:30,2021-07-10 09:11:41,2021-07-10 09:12:00
144302,157247,2021-07-06,2021-07-10,807,IC 8,5.0,9.0,BN,ZUE,07:02:38,07:02:30,2021-07-10 07:58:10,2021-07-10 07:58:00
144303,157248,2021-07-07,2021-07-10,807,IC 8,1.0,9.0,TH,BN,06:36:40,06:36:48,2021-07-10 06:54:19,2021-07-10 06:55:00
144304,157249,2021-07-07,2021-07-10,807,IC 8,1.0,9.0,TH,BN,06:36:40,06:36:48,2021-07-10 06:54:19,2021-07-10 06:55:00
144305,157250,2021-07-09,2021-07-10,807,IC 8,1.0,9.0,VI,SP,05:54:49,05:55:48,2021-07-10 06:25:05,2021-07-10 06:24:48
144306,157251,2021-07-09,2021-07-10,807,IC 8,1.0,9.0,VI,SP,05:54:49,05:55:48,2021-07-10 06:25:05,2021-07-10 06:24:48
144307,157252,2021-07-09,2021-07-10,807,IC 8,1.0,9.0,ZUE,WF,08:05:37,08:05:30,2021-07-10 08:52:55,2021-07-10 08:53:36
144308,157253,2021-07-10,2021-07-10,807,IC 8,1.0,9.0,ZUE,RH,08:05:37,08:05:30,2021-07-10 09:11:41,2021-07-10 09:12:00
144309,157254,2021-07-10,2021-07-10,807,IC 8,1.0,9.0,ZUE,RH,08:05:37,08:05:30,2021-07-10 09:11:41,2021-07-10 09:12:00
144310,157255,2021-07-10,2021-07-10,807,IC 8,1.0,9.0,ZUE,RH,08:05:37,08:05:30,2021-07-10 09:11:41,2021-07-10 09:12:00
146060,159086,2021-07-03,2021-07-11,807,IC 8,1.0,9.0,ZUE,WF,08:05:27,08:05:30,2021-07-11 08:52:47,2021-07-11 08:53:36
146061,159087,2021-07-09,2021-07-11,807,IC 8,1.0,9.0,BN,W,07:02:45,07:02:30,2021-07-11 08:29:04,2021-07-11 08:29:00
146062,159088,2021-07-10,2021-07-11,807,IC 8,1.0,9.0,BN,ZUE,07:02:45,07:02:30,2021-07-11 07:58:34,2021-07-11 07:58:00
146063,159089,2021-07-11,2021-07-11,807,IC 8,1.0,9.0,BN,ZUE,07:02:45,07:02:30,2021-07-11 07:58:34,2021-07-11 07:58:00
146064,159090,2021-07-11,2021-07-11,807,IC 8,1.0,9.0,BN,ZUE,07:02:45,07:02:30,2021-07-11 07:58:34,2021-07-11 07:58:00
146065,159091,2021-07-11,2021-07-11,807,IC 8,1.0,9.0,BN,W,07:02:45,07:02:30,2021-07-11 08:29:04,2021-07-11 08:29:00
146066,159092,2021-07-11,2021-07-11,807,IC 8,1.0,9.0,BN,W,07:02:45,07:02:30,2021-07-11 08:29:04,2021-07-11 08:29:00
149034,162142,2021-07-02,2021-07-16,807,IC 8,1.0,15.0,BN,ZUE,07:02:58,07:02:30,2021-07-16 07:57:44,2021-07-16 07:58:00
149035,162143,2021-07-05,2021-07-16,807,IC 8,1.0,15.0,BN,ZUE,07:02:58,07:02:30,2021-07-16 07:57:44,2021-07-16 07:58:00
149036,162144,2021-07-09,2021-07-16,807,IC 8,1.0,15.0,BN,ZUE,07:02:58,07:02:30,2021-07-16 07:57:44,2021-07-16 07:58:00
150314,163594,2021-06-26,2021-07-17,807,IC 8,1.0,9.0,BN,RH,07:02:45,07:02:30,2021-07-17 09:11:27,2021-07-17 09:12:00
150315,163595,2021-06-26,2021-07-17,807,IC 8,1.0,9.0,BN,RH,07:02:45,07:02:30,2021-07-17 09:11:27,2021-07-17 09:12:00
150316,163596,2021-07-02,2021-07-17,807,IC 8,4.0,9.0,BN,ZUE,07:02:45,07:02:30,2021-07-17 07:57:52,2021-07-17 07:58:00
150317,163597,2021-07-12,2021-07-17,807,IC 8,1.0,9.0,BN,WF,07:02:45,07:02:30,2021-07-17 08:53:05,2021-07-17 08:53:36
150318,163598,2021-07-14,2021-07-17,807,IC 8,1.0,9.0,ZUE,RH,08:05:30,08:05:30,2021-07-17 09:11:27,2021-07-17 09:12:00
150319,163599,2021-07-14,2021-07-17,807,IC 8,1.0,9.0,ZUE,RH,08:05:30,08:05:30,2021-07-17 09:11:27,2021-07-17 09:12:00
150320,163600,2021-07-15,2021-07-17,807,IC 8,1.0,9.0,ZUE,RH,08:05:30,08:05:30,2021-07-17 09:11:27,2021-07-17 09:12:00
150321,163601,2021-07-15,2021-07-17,807,IC 8,1.0,9.0,ZUE,RH,08:05:30,08:05:30,2021-07-17 09:11:27,2021-07-17 09:12:00
150322,163602,2021-07-15,2021-07-17,807,IC 8,1.0,9.0,ZUE,RH,08:05:30,08:05:30,2021-07-17 09:11:27,2021-07-17 09:12:00
150323,163603,2021-07-16,2021-07-17,807,IC 8,1.0,9.0,BN,RH,07:02:45,07:02:30,2021-07-17 09:11:27,2021-07-17 09:12:00
150324,163604,2021-07-16,2021-07-17,807,IC 8,1.0,9.0,BN,ZUE,07:02:45,07:02:30,2021-07-17 07:57:52,2021-07-17 07:58:00
151867,165458,2021-07-11,2021-07-18,807,IC 8,1.0,9.0,BN,ZUE,07:02:37,07:02:30,2021-07-18 07:57:05,2021-07-18 07:58:00
151868,165459,2021-07-11,2021-07-18,807,IC 8,1.0,9.0,BN,ZUE,07:02:37,07:02:30,2021-07-18 07:57:05,2021-07-18 07:58:00
151869,165460,2021-07-13,2021-07-18,807,IC 8,5.0,9.0,BN,ZUE,07:02:37,07:02:30,2021-07-18 07:57:05,2021-07-18 07:58:00
151870,165461,2021-07-15,2021-07-18,807,IC 8,1.0,9.0,BN,ZUE,07:02:37,07:02:30,2021-07-18 07:57:05,2021-07-18 07:58:00
151871,165462,2021-07-16,2021-07-18,807,IC 8,1.0,9.0,BN,ZUE,07:02:37,07:02:30,2021-07-18 07:57:05,2021-07-18 07:58:00
155389,169160,2021-07-19,2021-07-23,807,IC 8,2.0,15.0,BN,ZUE,07:02:44,07:02:30,2021-07-23 07:58:09,2021-07-23 07:58:00
155390,169161,2021-07-21,2021-07-23,807,IC 8,2.0,15.0,VI,BN,05:55:33,05:55:48,2021-07-23 06:55:30,2021-07-23 06:55:00
155391,169162,2021-07-22,2021-07-23,807,IC 8,1.0,15.0,BN,ZUE,07:02:44,07:02:30,2021-07-23 07:58:09,2021-07-23 07:58:00
155392,169163,2021-07-22,2021-07-23,807,IC 8,1.0,15.0,BN,ZUE,07:02:44,07:02:30,2021-07-23 07:58:09,2021-07-23 07:58:00
155393,169164,2021-07-23,2021-07-23,807,IC 8,1.0,15.0,TH,ZUE,06:36:35,06:36:48,2021-07-23 07:58:09,2021-07-23 07:58:00
155394,169165,2021-07-23,2021-07-23,807,IC 8,1.0,15.0,BN,W,07:02:44,07:02:30,2021-07-23 08:28:37,2021-07-23 08:29:00
155395,169166,2021-07-23,2021-07-23,807,IC 8,1.0,15.0,BN,ZUE,07:02:44,07:02:30,2021-07-23 07:58:09,2021-07-23 07:58:00
155396,169167,2021-07-23,2021-07-23,807,IC 8,1.0,15.0,BN,ZUE,07:02:44,07:02:30,2021-07-23 07:58:09,2021-07-23 07:58:00
155397,169168,2021-07-23,2021-07-23,807,IC 8,1.0,15.0,ZUE,RH,08:05:27,08:05:30,2021-07-23 09:11:17,2021-07-23 09:12:00
155398,169169,2021-07-23,2021-07-23,807,IC 8,2.0,15.0,ZUE,RH,08:05:27,08:05:30,2021-07-23 09:11:17,2021-07-23 09:12:00
157146,170987,2021-07-06,2021-07-24,807,IC 8,1.0,11.0,BN,W,07:03:08,07:02:30,2021-07-24 08:29:18,2021-07-24 08:29:00
157147,170988,2021-07-06,2021-07-24,807,IC 8,1.0,11.0,BN,W,07:03:08,07:02:30,2021-07-24 08:29:18,2021-07-24 08:29:00
157148,170989,2021-07-10,2021-07-24,807,IC 8,1.0,11.0,ZUE,RH,08:05:40,08:05:30,2021-07-24 09:12:07,2021-07-24 09:12:00
157149,170990,2021-07-10,2021-07-24,807,IC 8,1.0,11.0,ZUE,RH,08:05:40,08:05:30,2021-07-24 09:12:07,2021-07-24 09:12:00
157150,170991,2021-07-12,2021-07-24,807,IC 8,1.0,11.0,BN,ZUE,07:03:08,07:02:30,2021-07-24 07:58:10,2021-07-24 07:58:00
157151,170992,2021-07-12,2021-07-24,807,IC 8,1.0,11.0,BN,ZUE,07:03:08,07:02:30,2021-07-24 07:58:10,2021-07-24 07:58:00
157152,170993,2021-07-19,2021-07-24,807,IC 8,1.0,11.0,TH,ZUE,06:38:00,06:36:48,2021-07-24 07:58:10,2021-07-24 07:58:00
157153,170994,2021-07-22,2021-07-24,807,IC 8,2.0,11.0,BN,ZUE,07:03:08,07:02:30,2021-07-24 07:58:10,2021-07-24 07:58:00
157154,170995,2021-07-23,2021-07-24,807,IC 8,1.0,11.0,BN,ZUE,07:03:08,07:02:30,2021-07-24 07:58:10,2021-07-24 07:58:00
157155,170996,2021-07-23,2021-07-24,807,IC 8,1.0,11.0,WF,RH,08:55:34,08:55:36,2021-07-24 09:12:07,2021-07-24 09:12:00
157156,170997,2021-07-23,2021-07-24,807,IC 8,1.0,11.0,WF,RH,08:55:34,08:55:36,2021-07-24 09:12:07,2021-07-24 09:12:00
158805,172740,2021-06-29,2021-07-25,807,IC 8,1.0,18.0,FR,BN,06:12:35,06:14:12,2021-07-25 06:54:41,2021-07-25 06:55:00
161880,175928,2021-07-22,2021-07-30,807,IC 8,2.0,8.0,TH,ZUE,06:36:29,06:36:48,2021-07-30 07:57:50,2021-07-30 07:58:00
163523,177598,2021-06-23,2021-07-31,807,IC 8,4.0,9.0,BN,ZUE,07:03:59,07:02:30,2021-07-31 07:58:33,2021-07-31 07:58:00
163524,177599,2021-06-23,2021-07-31,807,IC 8,1.0,9.0,BN,ZUE,07:03:59,07:02:30,2021-07-31 07:58:33,2021-07-31 07:58:00
163525,177600,2021-06-23,2021-07-31,807,IC 8,1.0,9.0,BN,ZUE,07:03:59,07:02:30,2021-07-31 07:58:33,2021-07-31 07:58:00
163526,177601,2021-06-23,2021-07-31,807,IC 8,1.0,9.0,BN,ZUE,07:03:59,07:02:30,2021-07-31 07:58:33,2021-07-31 07:58:00
163527,177602,2021-06-23,2021-07-31,807,IC 8,1.0,9.0,BN,ZUE,07:03:59,07:02:30,2021-07-31 07:58:33,2021-07-31 07:58:00
163528,177603,2021-07-21,2021-07-31,807,IC 8,1.0,9.0,TH,ZUE,06:36:11,06:36:48,2021-07-31 07:58:33,2021-07-31 07:58:00
163529,177604,2021-07-21,2021-07-31,807,IC 8,1.0,9.0,TH,BN,06:36:11,06:36:48,2021-07-31 06:54:10,2021-07-31 06:55:00
163530,177605,2021-07-30,2021-07-31,807,IC 8,1.0,9.0,FF,RH,08:43:17,08:43:18,2021-07-31 09:11:36,2021-07-31 09:12:00
163531,177606,2021-07-30,2021-07-31,807,IC 8,1.0,9.0,FF,RH,08:43:17,08:43:18,2021-07-31 09:11:36,2021-07-31 09:12:00
164949,179067,2021-07-31,2021-08-01,807,IC 8,1.0,9.0,BN,ZUE,07:02:45,07:02:30,2021-08-01 07:58:55,2021-08-01 07:58:00
167666,181861,2021-08-05,2021-08-06,807,IC 8,1.0,15.0,ZUE,RH,08:05:33,08:05:30,2021-08-06 09:11:39,2021-08-06 09:12:00
167667,181862,2021-08-05,2021-08-06,807,IC 8,1.0,15.0,BN,ZUE,07:02:48,07:02:30,2021-08-06 07:58:53,2021-08-06 07:58:00
167668,181863,2021-08-05,2021-08-06,807,IC 8,1.0,15.0,BR,TH,05:46:48,05:46:30,2021-08-06 06:34:53,2021-08-06 06:34:54
167669,181864,2021-08-06,2021-08-06,807,IC 8,1.0,15.0,BR,TH,05:46:48,05:46:30,2021-08-06 06:34:53,2021-08-06 06:34:54
167670,181865,2021-08-06,2021-08-06,807,IC 8,1.0,15.0,TH,BN,06:36:26,06:36:48,2021-08-06 06:54:03,2021-08-06 06:55:00
167671,181866,2021-08-06,2021-08-06,807,IC 8,1.0,15.0,BN,RH,07:02:48,07:02:30,2021-08-06 09:11:39,2021-08-06 09:12:00
167672,181867,2021-08-06,2021-08-06,807,IC 8,1.0,15.0,BN,ZUE,07:02:48,07:02:30,2021-08-06 07:58:53,2021-08-06 07:58:00
169318,183600,2021-07-30,2021-08-07,807,IC 8,1.0,9.0,BN,ZUE,07:03:50,07:02:30,2021-08-07 08:00:39,2021-08-07 07:58:00
169319,183601,2021-08-03,2021-08-07,807,IC 8,2.0,9.0,BN,ZUE,07:03:50,07:02:30,2021-08-07 08:00:39,2021-08-07 07:58:00
169320,183602,2021-08-04,2021-08-07,807,IC 8,1.0,9.0,VI,BN,05:54:33,05:55:48,2021-08-07 06:54:27,2021-08-07 06:55:00
169321,183603,2021-08-06,2021-08-07,807,IC 8,1.0,9.0,BN,ZUE,07:03:50,07:02:30,2021-08-07 08:00:39,2021-08-07 07:58:00
169322,183604,2021-08-06,2021-08-07,807,IC 8,1.0,9.0,BN,ZUE,07:03:50,07:02:30,2021-08-07 08:00:39,2021-08-07 07:58:00
169323,183605,2021-08-07,2021-08-07,807,IC 8,1.0,9.0,VI,TH,05:54:33,05:55:48,2021-08-07 06:33:51,2021-08-07 06:34:54
169324,183606,2021-08-07,2021-08-07,807,IC 8,1.0,9.0,BN,ZUE,07:03:50,07:02:30,2021-08-07 08:00:39,2021-08-07 07:58:00
169325,183607,2021-08-07,2021-08-07,807,IC 8,1.0,9.0,WF,AW,08:55:19,08:55:36,2021-08-07 09:04:36,2021-08-07 09:05:18
170974,185300,2021-06-25,2021-08-08,807,IC 8,4.0,9.0,TH,RH,06:36:31,06:36:48,2021-08-08 09:11:26,2021-08-08 09:12:00
170975,185301,2021-07-28,2021-08-08,807,IC 8,1.0,9.0,ZUE,RH,08:05:25,08:05:30,2021-08-08 09:11:26,2021-08-08 09:12:00
170976,185302,2021-07-28,2021-08-08,807,IC 8,1.0,9.0,ZUE,RH,08:05:25,08:05:30,2021-08-08 09:11:26,2021-08-08 09:12:00
170977,185303,2021-07-28,2021-08-08,807,IC 8,1.0,9.0,ZUE,RH,08:05:25,08:05:30,2021-08-08 09:11:26,2021-08-08 09:12:00
170978,185304,2021-08-05,2021-08-08,807,IC 8,2.0,9.0,SP,RH,06:25:32,06:26:30,2021-08-08 09:11:26,2021-08-08 09:12:00
170979,185305,2021-08-07,2021-08-08,807,IC 8,1.0,9.0,BR,TH,05:47:14,05:46:30,2021-08-08 06:33:59,2021-08-08 06:34:54
170980,185306,2021-08-08,2021-08-08,807,IC 8,1.0,9.0,BN,ZUE,07:04:01,07:02:30,2021-08-08 07:58:40,2021-08-08 07:58:00
174558,188968,2021-07-22,2021-08-13,807,IC 8,1.0,15.0,BN,ZUE,07:02:48,07:02:30,2021-08-13 07:57:39,2021-08-13 07:58:00
174559,188969,2021-08-12,2021-08-13,807,IC 8,1.0,15.0,VI,BN,05:55:31,05:55:48,2021-08-13 06:54:32,2021-08-13 06:55:00
174560,188970,2021-08-12,2021-08-13,807,IC 8,1.0,15.0,VI,BN,05:55:31,05:55:48,2021-08-13 06:54:32,2021-08-13 06:55:00
174561,188971,2021-08-12,2021-08-13,807,IC 8,1.0,15.0,BR,ZUE,05:47:42,05:46:30,2021-08-13 07:57:39,2021-08-13 07:58:00
174562,188972,2021-08-12,2021-08-13,807,IC 8,1.0,15.0,BR,ZUE,05:47:42,05:46:30,2021-08-13 07:57:39,2021-08-13 07:58:00
174563,188973,2021-08-12,2021-08-13,807,IC 8,1.0,15.0,BR,ZUE,05:47:42,05:46:30,2021-08-13 07:57:39,2021-08-13 07:58:00
174564,188974,2021-08-13,2021-08-13,807,IC 8,1.0,15.0,BR,TH,05:47:42,05:46:30,2021-08-13 06:33:57,2021-08-13 06:34:54
174565,188975,2021-08-13,2021-08-13,807,IC 8,1.0,15.0,ZUE,FF,08:05:26,08:05:30,2021-08-13 08:41:58,2021-08-13 08:41:30
174566,188976,2021-08-13,2021-08-13,807,IC 8,1.0,15.0,TH,BN,06:36:33,06:36:48,2021-08-13 06:54:32,2021-08-13 06:55:00
174567,188977,2021-08-13,2021-08-13,807,IC 8,1.0,15.0,BN,ZUE,07:02:48,07:02:30,2021-08-13 07:57:39,2021-08-13 07:58:00
174568,188978,2021-08-13,2021-08-13,807,IC 8,1.0,15.0,W,WF,08:31:57,08:31:30,2021-08-13 08:54:05,2021-08-13 08:53:36
176322,190766,2021-08-11,2021-08-14,807,IC 8,2.0,9.0,W,RH,08:31:15,08:31:30,2021-08-14 09:11:09,2021-08-14 09:12:00
176323,190767,2021-08-12,2021-08-14,807,IC 8,1.0,9.0,VI,BN,05:55:52,05:55:48,2021-08-14 06:54:49,2021-08-14 06:55:00
176324,190768,2021-08-12,2021-08-14,807,IC 8,1.0,9.0,BN,ZUE,07:02:46,07:02:30,2021-08-14 07:57:43,2021-08-14 07:58:00
176325,190769,2021-08-13,2021-08-14,807,IC 8,1.0,9.0,BN,RH,07:02:46,07:02:30,2021-08-14 09:11:09,2021-08-14 09:12:00
176326,190770,2021-08-13,2021-08-14,807,IC 8,1.0,9.0,SP,ZUE,06:25:38,06:26:30,2021-08-14 07:57:43,2021-08-14 07:58:00
176327,190771,2021-08-13,2021-08-14,807,IC 8,2.0,9.0,BN,ZUE,07:02:46,07:02:30,2021-08-14 07:57:43,2021-08-14 07:58:00
176328,190772,2021-08-13,2021-08-14,807,IC 8,1.0,9.0,BN,ZUE,07:02:46,07:02:30,2021-08-14 07:57:43,2021-08-14 07:58:00
176329,190773,2021-08-14,2021-08-14,807,IC 8,1.0,9.0,WF,RH,08:55:12,08:55:36,2021-08-14 09:11:09,2021-08-14 09:12:00
176330,190774,2021-08-14,2021-08-14,807,IC 8,1.0,9.0,WF,RH,08:55:12,08:55:36,2021-08-14 09:11:09,2021-08-14 09:12:00
178313,192841,2021-08-14,2021-08-15,807,IC 8,2.0,9.0,BN,RH,07:03:01,07:02:30,2021-08-15 09:11:41,2021-08-15 09:12:00
178314,192842,2021-08-14,2021-08-15,807,IC 8,1.0,9.0,ZUE,RH,08:05:41,08:05:30,2021-08-15 09:11:41,2021-08-15 09:12:00
178315,192843,2021-08-14,2021-08-15,807,IC 8,1.0,9.0,ZUE,RH,08:05:41,08:05:30,2021-08-15 09:11:41,2021-08-15 09:12:00
178316,192844,2021-08-15,2021-08-15,807,IC 8,1.0,9.0,BR,BN,05:47:07,05:46:30,2021-08-15 06:55:04,2021-08-15 06:55:00
181403,196030,2021-08-10,2021-08-20,807,IC 8,1.0,15.0,BN,ZUE,07:03:06,07:02:30,2021-08-20 07:59:31,2021-08-20 07:58:00
181404,196031,2021-08-19,2021-08-20,807,IC 8,1.0,15.0,BN,RH,07:03:06,07:02:30,2021-08-20 09:11:56,2021-08-20 09:12:00
181405,196032,2021-08-19,2021-08-20,807,IC 8,1.0,15.0,VI,FR,05:55:50,05:55:48,2021-08-20 06:11:13,2021-08-20 06:11:42
181406,196033,2021-08-20,2021-08-20,807,IC 8,1.0,15.0,BR,TH,05:47:11,05:46:30,2021-08-20 06:34:06,2021-08-20 06:34:54
181407,196034,2021-08-20,2021-08-20,807,IC 8,1.0,15.0,TH,BN,06:36:42,06:36:48,2021-08-20 06:54:46,2021-08-20 06:55:00
181408,196035,2021-08-20,2021-08-20,807,IC 8,1.0,15.0,TH,BN,06:36:42,06:36:48,2021-08-20 06:54:46,2021-08-20 06:55:00
181409,196036,2021-08-20,2021-08-20,807,IC 8,1.0,15.0,TH,BN,06:36:42,06:36:48,2021-08-20 06:54:46,2021-08-20 06:55:00
182958,197628,2021-08-18,2021-08-21,807,IC 8,4.0,9.0,FR,SP,06:16:23,06:14:12,2021-08-21 06:26:59,2021-08-21 06:24:48
182959,197629,2021-08-19,2021-08-21,807,IC 8,1.0,9.0,BN,ZUE,07:02:50,07:02:30,2021-08-21 08:00:24,2021-08-21 07:58:00
182960,197631,2021-08-19,2021-08-21,807,IC 8,1.0,9.0,VI,BN,05:58:56,05:55:48,2021-08-21 06:55:44,2021-08-21 06:55:00
182961,197632,2021-08-19,2021-08-21,807,IC 8,1.0,9.0,BN,ZUE,07:02:50,07:02:30,2021-08-21 08:00:24,2021-08-21 07:58:00
182962,197633,2021-08-19,2021-08-21,807,IC 8,1.0,9.0,BN,ZUE,07:02:50,07:02:30,2021-08-21 08:00:24,2021-08-21 07:58:00
182963,197637,2021-08-20,2021-08-21,807,IC 8,1.0,9.0,TH,FF,06:37:48,06:36:48,2021-08-21 08:41:32,2021-08-21 08:41:30
182964,197638,2021-08-20,2021-08-21,807,IC 8,1.0,9.0,ZFH,FF,08:16:34,08:16:30,2021-08-21 08:41:32,2021-08-21 08:41:30
182965,197639,2021-08-21,2021-08-21,807,IC 8,1.0,9.0,ZUE,WF,08:05:31,08:05:30,2021-08-21 08:54:40,2021-08-21 08:53:36
182966,197640,2021-08-21,2021-08-21,807,IC 8,1.0,9.0,BR,SP,05:51:14,05:46:30,2021-08-21 06:26:59,2021-08-21 06:24:48
184621,199387,2021-08-08,2021-08-22,807,IC 8,1.0,9.0,BN,ZUE,07:02:39,07:02:30,2021-08-22 08:00:01,2021-08-22 07:58:00
184622,199388,2021-08-10,2021-08-22,807,IC 8,1.0,9.0,BN,RH,07:02:39,07:02:30,2021-08-22 09:11:48,2021-08-22 09:12:00
184623,199389,2021-08-13,2021-08-22,807,IC 8,1.0,9.0,ZUE,RH,08:05:29,08:05:30,2021-08-22 09:11:48,2021-08-22 09:12:00
184624,199390,2021-08-22,2021-08-22,807,IC 8,1.0,9.0,ZUE,FF,08:05:29,08:05:30,2021-08-22 08:41:09,2021-08-22 08:41:30
187428,202301,2021-08-26,2021-08-27,807,IC 8,1.0,15.0,FR,BN,06:13:18,06:14:12,2021-08-27 07:05:26,2021-08-27 06:55:00
187429,202302,2021-08-27,2021-08-27,807,IC 8,1.0,15.0,BN,ZUE,07:11:24,07:02:30,2021-08-27 08:04:39,2021-08-27 07:58:00
188830,203723,2021-08-24,2021-08-28,807,IC 8,1.0,9.0,TH,ZUE,06:36:34,06:36:48,2021-08-28 07:59:56,2021-08-28 07:58:00
188831,203724,2021-08-28,2021-08-28,807,IC 8,1.0,9.0,BN,W,07:03:33,07:02:30,2021-08-28 08:28:59,2021-08-28 08:29:00
188832,203725,2021-08-28,2021-08-28,807,IC 8,1.0,9.0,BN,ZUE,07:03:33,07:02:30,2021-08-28 07:59:56,2021-08-28 07:58:00
188833,203726,2021-08-28,2021-08-28,807,IC 8,1.0,9.0,W,RH,08:32:02,08:31:30,2021-08-28 09:11:47,2021-08-28 09:12:00
190323,205286,2021-07-04,2021-08-29,807,IC 8,1.0,9.0,TH,RH,06:36:41,06:36:48,2021-08-29 09:21:31,2021-08-29 09:12:00
190324,205287,2021-08-23,2021-08-29,807,IC 8,1.0,9.0,ZUE,RH,08:05:39,08:05:30,2021-08-29 09:21:31,2021-08-29 09:12:00
190325,205288,2021-08-27,2021-08-29,807,IC 8,1.0,9.0,SP,RH,06:26:01,06:26:30,2021-08-29 09:21:31,2021-08-29 09:12:00
190326,205289,2021-08-27,2021-08-29,807,IC 8,1.0,9.0,SP,RH,06:26:01,06:26:30,2021-08-29 09:21:31,2021-08-29 09:12:00
190327,205290,2021-08-27,2021-08-29,807,IC 8,2.0,9.0,FF,RH,08:51:45,08:43:18,2021-08-29 09:21:31,2021-08-29 09:12:00
190328,205291,2021-08-28,2021-08-29,807,IC 8,1.0,9.0,BN,ZUE,07:02:59,07:02:30,2021-08-29 07:57:49,2021-08-29 07:58:00
190329,205292,2021-08-28,2021-08-29,807,IC 8,1.0,9.0,BN,ZUE,07:02:59,07:02:30,2021-08-29 07:57:49,2021-08-29 07:58:00
193312,208345,2021-08-02,2021-09-03,807,IC 8,4.0,9.0,ZUE,RH,08:05:27,08:05:30,2021-09-03 09:11:36,2021-09-03 09:12:00
193313,208346,2021-09-02,2021-09-03,807,IC 8,1.0,9.0,VI,FR,05:55:04,05:55:48,2021-09-03 06:10:42,2021-09-03 06:11:42
193314,208347,2021-09-03,2021-09-03,807,IC 8,1.0,9.0,TH,BN,06:36:31,06:36:48,2021-09-03 06:54:51,2021-09-03 06:55:00
194701,209772,2021-08-30,2021-09-04,807,IC 8,1.0,9.0,TH,ZUE,06:36:30,06:36:48,2021-09-04 07:58:16,2021-09-04 07:58:00
194702,209773,2021-08-30,2021-09-04,807,IC 8,1.0,9.0,BR,BN,05:46:43,05:46:30,2021-09-04 06:55:07,2021-09-04 06:55:00
194703,209774,2021-09-02,2021-09-04,807,IC 8,1.0,9.0,BN,RH,07:02:57,07:02:30,2021-09-04 09:12:31,2021-09-04 09:12:00
194704,209775,2021-09-03,2021-09-04,807,IC 8,1.0,9.0,ZUE,WF,08:05:30,08:05:30,2021-09-04 08:53:12,2021-09-04 08:53:36
194705,209776,2021-09-03,2021-09-04,807,IC 8,1.0,9.0,BN,ZUE,07:02:57,07:02:30,2021-09-04 07:58:16,2021-09-04 07:58:00
194706,209777,2021-09-03,2021-09-04,807,IC 8,1.0,9.0,ZUE,RH,08:05:30,08:05:30,2021-09-04 09:12:31,2021-09-04 09:12:00
194707,209778,2021-09-03,2021-09-04,807,IC 8,1.0,9.0,BN,ZUE,07:02:57,07:02:30,2021-09-04 07:58:16,2021-09-04 07:58:00
194708,209779,2021-09-04,2021-09-04,807,IC 8,1.0,9.0,W,RH,08:32:07,08:31:30,2021-09-04 09:12:31,2021-09-04 09:12:00
194709,209780,2021-09-04,2021-09-04,807,IC 8,1.0,9.0,BN,ZUE,07:02:57,07:02:30,2021-09-04 07:58:16,2021-09-04 07:58:00
196263,211401,2021-09-02,2021-09-05,807,IC 8,1.0,9.0,BN,ZUE,07:03:27,07:02:30,2021-09-05 07:57:32,2021-09-05 07:58:00
196264,211402,2021-09-04,2021-09-05,807,IC 8,1.0,9.0,BN,ZUE,07:03:27,07:02:30,2021-09-05 07:57:32,2021-09-05 07:58:00
196265,211403,2021-09-04,2021-09-05,807,IC 8,2.0,9.0,ZUE,RH,08:05:22,08:05:30,2021-09-05 09:11:27,2021-09-05 09:12:00
196266,211404,2021-09-04,2021-09-05,807,IC 8,1.0,9.0,TH,WF,06:36:56,06:36:48,2021-09-05 08:52:50,2021-09-05 08:53:36
196267,211405,2021-09-05,2021-09-05,807,IC 8,1.0,9.0,BR,BN,05:46:41,05:46:30,2021-09-05 06:54:52,2021-09-05 06:55:00
196268,211406,2021-09-05,2021-09-05,807,IC 8,1.0,9.0,BN,ZUE,07:03:27,07:02:30,2021-09-05 07:57:32,2021-09-05 07:58:00
199099,214322,2021-09-10,2021-09-10,807,IC 8,1.0,9.0,BR,BN,05:47:12,05:46:30,2021-09-10 06:58:06,2021-09-10 06:55:00
199100,214323,2021-09-10,2021-09-10,807,IC 8,1.0,9.0,SP,BN,06:29:01,06:26:30,2021-09-10 06:58:06,2021-09-10 06:55:00
199101,214324,2021-09-10,2021-09-10,807,IC 8,1.0,9.0,SP,BN,06:29:01,06:26:30,2021-09-10 06:58:06,2021-09-10 06:55:00
199102,214325,2021-09-10,2021-09-10,807,IC 8,1.0,9.0,BN,ZUE,07:03:25,07:02:30,2021-09-10 08:06:49,2021-09-10 07:58:00
199103,214326,2021-09-10,2021-09-10,807,IC 8,1.0,9.0,FF,RH,08:43:28,08:43:18,2021-09-10 09:11:47,2021-09-10 09:12:00
202727,219887,2021-09-16,2021-09-17,807,IC 8,1.0,9.0,ZUE,RH,08:06:54,08:05:30,2021-09-17 09:11:42,2021-09-17 09:12:00
202728,219888,2021-09-16,2021-09-17,807,IC 8,1.0,9.0,BN,ZUE,07:03:38,07:02:30,2021-09-17 08:00:11,2021-09-17 07:58:00
202729,219889,2021-09-17,2021-09-17,807,IC 8,1.0,9.0,BR,BN,05:46:25,05:46:30,2021-09-17 06:54:00,2021-09-17 06:55:00
202730,219890,2021-09-17,2021-09-17,807,IC 8,1.0,9.0,BR,BN,05:46:25,05:46:30,2021-09-17 06:54:00,2021-09-17 06:55:00
202731,219891,2021-09-17,2021-09-17,807,IC 8,1.0,9.0,TH,BN,06:36:22,06:36:48,2021-09-17 06:54:00,2021-09-17 06:55:00
203971,221162,2021-09-17,2021-09-18,807,IC 8,1.0,9.0,ZUE,WF,08:05:47,08:05:30,2021-09-18 08:53:25,2021-09-18 08:53:36
203972,221163,2021-09-17,2021-09-18,807,IC 8,1.0,9.0,FF,RH,08:43:02,08:43:18,2021-09-18 09:11:29,2021-09-18 09:12:00
203973,221164,2021-09-18,2021-09-18,807,IC 8,1.0,9.0,WF,RH,08:55:28,08:55:36,2021-09-18 09:11:29,2021-09-18 09:12:00
205250,222491,2021-09-16,2021-09-19,807,IC 8,1.0,9.0,BR,BN,05:46:50,05:46:30,2021-09-19 06:57:27,2021-09-19 06:55:00
205251,222492,2021-09-17,2021-09-19,807,IC 8,2.0,9.0,BN,RH,07:04:37,07:02:30,2021-09-19 09:12:11,2021-09-19 09:12:00
205252,222493,2021-09-18,2021-09-19,807,IC 8,1.0,9.0,TH,BN,06:38:49,06:36:48,2021-09-19 06:57:27,2021-09-19 06:55:00
207117,224433,2021-09-20,2021-09-24,807,IC 8,1.0,15.0,TH,ZUE,06:38:01,06:36:48,2021-09-24 08:00:04,2021-09-24 07:58:00
207118,224434,2021-09-20,2021-09-24,807,IC 8,1.0,15.0,BN,ZUE,07:02:50,07:02:30,2021-09-24 08:00:04,2021-09-24 07:58:00
207119,224435,2021-09-20,2021-09-24,807,IC 8,1.0,15.0,BN,ZUE,07:02:50,07:02:30,2021-09-24 08:00:04,2021-09-24 07:58:00
207120,224436,2021-09-20,2021-09-24,807,IC 8,1.0,15.0,BN,ZUE,07:02:50,07:02:30,2021-09-24 08:00:04,2021-09-24 07:58:00
207121,224437,2021-09-21,2021-09-24,807,IC 8,1.0,15.0,BN,ZUE,07:02:50,07:02:30,2021-09-24 08:00:04,2021-09-24 07:58:00
207122,224438,2021-09-23,2021-09-24,807,IC 8,1.0,15.0,BR,BN,05:46:48,05:46:30,2021-09-24 06:56:23,2021-09-24 06:55:00
207123,224439,2021-09-24,2021-09-24,807,IC 8,1.0,15.0,BN,ZUE,07:02:50,07:02:30,2021-09-24 08:00:04,2021-09-24 07:58:00
207124,224440,2021-09-24,2021-09-24,807,IC 8,1.0,15.0,BN,ZUE,07:02:50,07:02:30,2021-09-24 08:00:04,2021-09-24 07:58:00
208494,225839,2021-09-16,2021-09-25,807,IC 8,1.0,9.0,BN,ZUE,07:02:49,07:02:30,2021-09-25 07:59:58,2021-09-25 07:58:00
208495,225840,2021-09-16,2021-09-25,807,IC 8,1.0,9.0,BN,ZUE,07:02:49,07:02:30,2021-09-25 07:59:58,2021-09-25 07:58:00
208496,225841,2021-09-22,2021-09-25,807,IC 8,2.0,9.0,BN,ZUE,07:02:49,07:02:30,2021-09-25 07:59:58,2021-09-25 07:58:00
208497,225842,2021-09-22,2021-09-25,807,IC 8,1.0,9.0,BN,ZUE,07:02:49,07:02:30,2021-09-25 07:59:58,2021-09-25 07:58:00
208498,225843,2021-09-22,2021-09-25,807,IC 8,1.0,9.0,SP,ZUE,06:25:25,06:26:30,2021-09-25 07:59:58,2021-09-25 07:58:00
208499,225844,2021-09-24,2021-09-25,807,IC 8,1.0,9.0,W,RH,08:33:22,08:31:30,2021-09-25 09:11:27,2021-09-25 09:12:00
208500,225845,2021-09-24,2021-09-25,807,IC 8,1.0,9.0,ZFH,RH,08:16:33,08:16:30,2021-09-25 09:11:27,2021-09-25 09:12:00
208501,225846,2021-09-24,2021-09-25,807,IC 8,1.0,9.0,BN,ZUE,07:02:49,07:02:30,2021-09-25 07:59:58,2021-09-25 07:58:00
208502,225847,2021-09-24,2021-09-25,807,IC 8,1.0,9.0,BN,ZUE,07:02:49,07:02:30,2021-09-25 07:59:58,2021-09-25 07:58:00
208503,225848,2021-09-24,2021-09-25,807,IC 8,1.0,9.0,VI,BN,05:54:55,05:55:48,2021-09-25 06:55:47,2021-09-25 06:55:00
208504,225849,2021-09-24,2021-09-25,807,IC 8,1.0,9.0,TH,ZUE,06:36:22,06:36:48,2021-09-25 07:59:58,2021-09-25 07:58:00
208505,225850,2021-09-25,2021-09-25,807,IC 8,1.0,9.0,ZUE,FF,08:05:42,08:05:30,2021-09-25 08:43:11,2021-09-25 08:41:30
209887,227313,2021-08-25,2021-09-26,807,IC 8,1.0,9.0,BN,ZUE,07:02:41,07:02:30,2021-09-26 07:59:38,2021-09-26 07:58:00
209888,227314,2021-09-26,2021-09-26,807,IC 8,1.0,9.0,BR,BN,05:47:00,05:46:30,2021-09-26 06:55:50,2021-09-26 06:55:00
209889,227315,2021-09-26,2021-09-26,807,IC 8,1.0,9.0,BN,ZUE,07:02:41,07:02:30,2021-09-26 07:59:38,2021-09-26 07:58:00
211693,229172,2021-09-30,2021-10-01,807,IC 8,2.0,17.0,FR,RH,06:13:27,06:14:12,2021-10-01 09:15:32,2021-10-01 09:12:00
211694,229173,2021-09-30,2021-10-01,807,IC 8,1.0,17.0,BN,ZUE,07:03:05,07:02:30,2021-10-01 07:59:07,2021-10-01 07:58:00
211695,229174,2021-10-01,2021-10-01,807,IC 8,1.0,17.0,SP,BN,06:25:53,06:26:30,2021-10-01 06:54:47,2021-10-01 06:55:00
212781,230319,2021-10-01,2021-10-02,807,IC 8,1.0,9.0,BN,ZUE,07:02:34,07:02:30,2021-10-02 07:57:28,2021-10-02 07:58:00
212782,230320,2021-10-01,2021-10-02,807,IC 8,1.0,9.0,BN,ZUE,07:02:34,07:02:30,2021-10-02 07:57:28,2021-10-02 07:58:00
212783,230321,2021-10-01,2021-10-02,807,IC 8,1.0,9.0,BN,ZUE,07:02:34,07:02:30,2021-10-02 07:57:28,2021-10-02 07:58:00
212784,230322,2021-10-02,2021-10-02,807,IC 8,1.0,9.0,BN,ZUE,07:02:34,07:02:30,2021-10-02 07:57:28,2021-10-02 07:58:00
212785,230323,2021-10-02,2021-10-02,807,IC 8,1.0,9.0,BN,W,07:02:34,07:02:30,2021-10-02 08:29:50,2021-10-02 08:29:00
213828,231433,2021-10-02,2021-10-03,807,IC 8,1.0,9.0,BR,BN,05:47:09,05:46:30,2021-10-03 06:55:14,2021-10-03 06:55:00
213829,231434,2021-10-03,2021-10-03,807,IC 8,1.0,9.0,BN,ZUE,07:02:44,07:02:30,2021-10-03 07:58:21,2021-10-03 07:58:00
215384,233062,2021-10-07,2021-10-08,807,IC 8,1.0,17.0,VI,FR,05:54:55,05:55:48,2021-10-08 06:10:03,2021-10-08 06:11:42
215385,233063,2021-10-08,2021-10-08,807,IC 8,1.0,17.0,BR,BN,05:46:49,05:46:30,2021-10-08 06:54:44,2021-10-08 06:55:00
215386,233064,2021-10-08,2021-10-08,807,IC 8,1.0,17.0,SP,ZUE,06:25:51,06:26:30,2021-10-08 08:00:19,2021-10-08 07:58:00
215387,233065,2021-10-08,2021-10-08,807,IC 8,1.0,17.0,ZUE,AW,08:05:57,08:05:30,2021-10-08 09:04:52,2021-10-08 09:05:18
216380,234121,2021-10-05,2021-10-09,807,IC 8,1.0,9.0,BN,ZUE,07:03:13,07:02:30,2021-10-09 08:01:35,2021-10-09 07:58:00
216381,234122,2021-10-08,2021-10-09,807,IC 8,1.0,9.0,ZUE,FF,08:05:33,08:05:30,2021-10-09 08:42:05,2021-10-09 08:41:30
216382,234123,2021-10-08,2021-10-09,807,IC 8,1.0,9.0,FF,RH,08:43:23,08:43:18,2021-10-09 09:11:49,2021-10-09 09:12:00
219384,237740,2021-10-14,2021-10-15,807,IC 8,1.0,15.0,BN,RH,07:05:55,07:02:30,2021-10-15 09:13:00,2021-10-15 09:12:00
219385,237741,2021-10-15,2021-10-15,807,IC 8,1.0,15.0,TH,BN,06:37:00,06:36:48,2021-10-15 06:54:58,2021-10-15 06:55:00
219386,237742,2021-10-15,2021-10-15,807,IC 8,1.0,15.0,BN,ZUE,07:05:55,07:02:30,2021-10-15 08:05:15,2021-10-15 07:58:00
219387,237743,2021-10-15,2021-10-15,807,IC 8,1.0,15.0,BN,ZUE,07:05:55,07:02:30,2021-10-15 08:05:15,2021-10-15 07:58:00
219388,237744,2021-10-15,2021-10-15,807,IC 8,1.0,15.0,BN,ZUE,07:05:55,07:02:30,2021-10-15 08:05:15,2021-10-15 07:58:00
220453,238851,2021-10-15,2021-10-16,807,IC 8,2.0,13.0,VI,ZUE,05:54:31,05:55:48,2021-10-16 07:58:53,2021-10-16 07:58:00
221487,239973,2021-10-15,2021-10-17,807,IC 8,1.0,9.0,BR,ZUE,05:46:35,05:46:30,2021-10-17 08:01:05,2021-10-17 07:58:00
223117,241648,2021-10-22,2021-10-22,807,IC 8,1.0,15.0,TH,BN,06:38:13,06:36:48,2021-10-22 06:57:43,2021-10-22 06:55:00
223118,241649,2021-10-22,2021-10-22,807,IC 8,1.0,15.0,BN,WF,07:03:06,07:02:30,2021-10-22 08:53:55,2021-10-22 08:53:36
224607,243349,2021-10-23,2021-10-24,807,IC 8,1.0,9.0,SP,ZUE,06:25:39,06:26:30,2021-10-24 08:01:24,2021-10-24 07:58:00
224608,243350,2021-10-23,2021-10-24,807,IC 8,1.0,9.0,BN,ZUE,07:03:08,07:02:30,2021-10-24 08:01:24,2021-10-24 07:58:00
224609,243351,2021-10-24,2021-10-24,807,IC 8,1.0,9.0,ZUE,RH,08:05:28,08:05:30,2021-10-24 09:11:37,2021-10-24 09:12:00
225933,244874,2021-10-28,2021-10-29,807,IC 8,1.0,15.0,VI,TH,05:54:43,05:55:48,2021-10-29 06:34:20,2021-10-29 06:34:54
225934,244875,2021-10-28,2021-10-29,807,IC 8,1.0,15.0,BN,ZFH,07:02:55,07:02:30,2021-10-29 08:13:56,2021-10-29 08:14:00
225935,244876,2021-10-28,2021-10-29,807,IC 8,1.0,15.0,BN,ZUE,07:02:55,07:02:30,2021-10-29 07:59:02,2021-10-29 07:58:00
225936,244877,2021-10-28,2021-10-29,807,IC 8,1.0,15.0,BN,ZUE,07:02:55,07:02:30,2021-10-29 07:59:02,2021-10-29 07:58:00
225937,244878,2021-10-29,2021-10-29,807,IC 8,1.0,15.0,VI,BN,05:54:43,05:55:48,2021-10-29 06:55:18,2021-10-29 06:55:00
225938,244879,2021-10-29,2021-10-29,807,IC 8,1.0,15.0,SP,TH,06:25:22,06:26:30,2021-10-29 06:34:20,2021-10-29 06:34:54
225939,244880,2021-10-29,2021-10-29,807,IC 8,1.0,15.0,TH,BN,06:36:22,06:36:48,2021-10-29 06:55:18,2021-10-29 06:55:00
